{"keys":[{"x":0.02500000037252903,"y":-0.17499999701976777,"z":0.4749999940395355}],"values":[{"keys":[{"x":0.05000000074505806,"y":-0.15000000596046449,"z":3.75}],"values":[{"keys":["uniqueViews","distance"],"values":[1.0,3.2839999198913576]}]}]}